{"cameraMode":{"drawMode":0,"name":"Shaded","section":"Shading Mode"},"sceneLighting":false,"audioPlay":false,"sceneViewState":{"m_AlwaysRefresh":false,"showFog":true,"showSkybox":false,"showFlares":true,"showImageEffects":true,"showParticleSystems":true,"showVisualEffectGraphs":true,"m_FxEnabled":true},"in2DMode":false,"pivot":{"x":-0.033514976501464847,"y":0.36232423782348635,"z":-0.028536081314086915},"rotation":{"x":0.25562673807144167,"y":0.1622495949268341,"z":-0.043659064918756488,"w":0.9521396160125732},"size":5.278958320617676,"orthographic":false}