{"cameraMode":{"drawMode":0,"name":"Shaded","section":"Shading Mode"},"sceneLighting":true,"audioPlay":false,"sceneViewState":{"m_AlwaysRefresh":false,"showFog":true,"showSkybox":true,"showFlares":true,"showImageEffects":true,"showParticleSystems":true,"showVisualEffectGraphs":true,"m_FxEnabled":true},"in2DMode":false,"pivot":{"x":-0.46751606464385989,"y":129.94554138183595,"z":-156.4383544921875},"rotation":{"x":-0.3362991511821747,"y":-0.009138409979641438,"z":0.003263353370130062,"w":-0.9417088031768799},"size":14.29565143585205,"orthographic":true}