{"cameraMode":{"drawMode":0,"name":"Shaded","section":"Shading Mode"},"sceneLighting":false,"audioPlay":false,"sceneViewState":{"m_AlwaysRefresh":false,"showFog":true,"showSkybox":false,"showFlares":true,"showImageEffects":true,"showParticleSystems":true,"showVisualEffectGraphs":true,"m_FxEnabled":true},"in2DMode":false,"pivot":{"x":14.864909172058106,"y":-0.2544679641723633,"z":-3.8474626541137697},"rotation":{"x":0.03408805653452873,"y":0.6473013162612915,"z":-0.029062481597065927,"w":0.7610220313072205},"size":5.183377742767334,"orthographic":false}